[
{"type":"header","version":"5.2.0","comment":"Export to JSON plugin for PHPMyAdmin"},
{"type":"database","name":"test"},
{"type":"table","name":"chats","database":"test","data":
[
{"id":"1","from_user_id":"8","to_user_id":"1","message":"hi","isAdmin":"0","seen":"0","created_at":"2023-03-30 02:32:25","updated_at":"2023-03-30 02:32:25"},
{"id":"2","from_user_id":"1","to_user_id":"8","message":"iya","isAdmin":"1","seen":"0","created_at":"2023-03-30 06:26:05","updated_at":"2023-03-30 06:26:05"},
{"id":"3","from_user_id":"6","to_user_id":"1","message":"halo","isAdmin":"0","seen":"0","created_at":"2023-03-31 12:12:20","updated_at":"2023-03-31 12:12:20"},
{"id":"4","from_user_id":"6","to_user_id":"1","message":"pak","isAdmin":"0","seen":"0","created_at":"2023-04-02 13:57:29","updated_at":"2023-04-02 13:57:29"},
{"id":"5","from_user_id":"8","to_user_id":"1","message":"Selamat pagi \nMohon info jdwal posyandu, tks","isAdmin":"0","seen":"0","created_at":"2023-04-02 17:09:33","updated_at":"2023-04-02 17:09:33"},
{"id":"6","from_user_id":"11","to_user_id":"1","message":"Bu biar anak nafsu mknya kuat gmna ya bs naik kan berat bdnya","isAdmin":"0","seen":"0","created_at":"2023-04-05 05:16:29","updated_at":"2023-04-05 05:16:29"},
{"id":"7","from_user_id":"10","to_user_id":"1","message":"Buk hasil perkembangan anak sya meragukan.gimna  simulasi perkembangan yg bagus","isAdmin":"0","seen":"0","created_at":"2023-04-05 05:17:03","updated_at":"2023-04-05 05:17:03"},
{"id":"8","from_user_id":"1","to_user_id":"11","message":"tks pertanyaannya","isAdmin":"1","seen":"0","created_at":"2023-04-05 05:17:08","updated_at":"2023-04-05 05:17:08"},
{"id":"9","from_user_id":"15","to_user_id":"1","message":"Tidak bisa lanjut kenapa","isAdmin":"0","seen":"0","created_at":"2023-04-06 04:08:14","updated_at":"2023-04-06 04:08:14"},
{"id":"10","from_user_id":"19","to_user_id":"1","message":"tolong masukin ke grop","isAdmin":"0","seen":"0","created_at":"2023-04-06 05:21:58","updated_at":"2023-04-06 05:21:58"},
{"id":"11","from_user_id":"6","to_user_id":"1","message":"halo","isAdmin":"0","seen":"0","created_at":"2023-04-08 18:01:24","updated_at":"2023-04-08 18:01:24"},
{"id":"12","from_user_id":"6","to_user_id":"1","message":"hi","isAdmin":"0","seen":"0","created_at":"2023-04-08 18:01:31","updated_at":"2023-04-08 18:01:31"},
{"id":"13","from_user_id":"1","to_user_id":"6","message":"halo","isAdmin":"1","seen":"0","created_at":"2023-07-04 04:52:05","updated_at":"2023-07-04 04:52:05"},
{"id":"14","from_user_id":"1","to_user_id":"6","message":"test","isAdmin":"1","seen":"0","created_at":"2023-07-27 08:35:25","updated_at":"2023-07-27 08:35:25"},
{"id":"15","from_user_id":"1","to_user_id":"6","message":"halo","isAdmin":"1","seen":"0","created_at":"2023-08-20 13:24:11","updated_at":"2023-08-20 13:24:11"},
{"id":"16","from_user_id":"1","to_user_id":"6","message":"tes","isAdmin":"1","seen":"0","created_at":"2023-09-11 08:48:05","updated_at":"2023-09-11 08:48:05"},
{"id":"17","from_user_id":"27","to_user_id":"1","message":"Apakah ada jadwal posyandu pada bulan ramadhan?","isAdmin":"0","seen":"0","created_at":"2023-10-09 18:20:09","updated_at":"2023-10-09 18:20:09"},
{"id":"18","from_user_id":"30","to_user_id":"1","message":"selamat pagi, mhn info, jdwl posyandu","isAdmin":"0","seen":"0","created_at":"2023-11-26 13:52:01","updated_at":"2023-11-26 13:52:01"},
{"id":"19","from_user_id":"30","to_user_id":"1","message":"Apakah ada jdwl imunisasi?","isAdmin":"0","seen":"0","created_at":"2023-11-26 14:02:26","updated_at":"2023-11-26 14:02:26"}
]
}
]
