[
{"type":"header","version":"5.2.0","comment":"Export to JSON plugin for PHPMyAdmin"},
{"type":"database","name":"test"},
{"type":"table","name":"perkembangans","database":"test","data":
[
{"id":"1","bulan":"3","usia_bayi_id":"1","text":"#Bayi Terlentangkan:","gambar":"","created_at":"0000-00-00 00:00:00","updated_at":"0"},
{"id":"2","bulan":"3","usia_bayi_id":"1","text":"1. Pada waktu bayi terlentang, apakah masing-masing lengan dan tungkai \r\nbergerak dengan mudah? Jawaban TIDAK bila salah satu atau kedua tungkai \r\natau lengan bayi bergerak tak terarah\/tak terkendali","gambar":"","created_at":"0000-00-00 00:00:00","updated_at":"0"},
{"id":"3","bulan":"3","usia_bayi_id":"1","text":"2. Pada waktu bayi terlentang apakah ia melihat dan menatap wajah anda?","gambar":"","created_at":"0000-00-00 00:00:00","updated_at":"0"},
{"id":"4","bulan":"3","usia_bayi_id":"1","text":"3. Apakah bayi dapat mengeluarkan suara-suara lain (ngoceh) selain menangis?","gambar":"","created_at":"0000-00-00 00:00:00","updated_at":"0"},
{"id":"5","bulan":"3","usia_bayi_id":"1","text":"4. Pada waktu anda mengajak bayi berbicara dan tersenyum, apakah ia \r\ntersenyum kembali kepada anda","gambar":"","created_at":"0000-00-00 00:00:00","updated_at":"0"},
{"id":"6","bulan":"3","usia_bayi_id":"1","text":"5. Apakah bayi suka tertawa keras walau tidak digelitik atau diraba-raba?","gambar":"","created_at":"0000-00-00 00:00:00","updated_at":"0"},
{"id":"7","bulan":"3","usia_bayi_id":"1","text":"6. Ambil wool merah, letakkan di atas wajah di \r\ndepan mata, gerakkan wool dari samping kiri ke \r\nkanan kepala. Apakah ia dapat mengikuti gerakan \r\nanda dengan menggerakkan kepalanya dari \r\nkanan\/kiri ke tengah?","gambar":"3_6.png","created_at":"0000-00-00 00:00:00","updated_at":"0"},
{"id":"8","bulan":"3","usia_bayi_id":"1","text":"7. Ambil wool merah, letakkan di atas wajah di \r\ndepan mata, gerakkan wool dari samping kiri ke \r\nkanan kepala. Apakah ia dapat mengikuti gerakan \r\nanda dengan menggerakkan kepalanya dari satu \r\nsisi hampir sampai pada sisi yang lain?","gambar":"3_7.png","created_at":"0000-00-00 00:00:00","updated_at":"0"},
{"id":"9","bulan":"3","usia_bayi_id":"1","text":"#Bayi Telungkupkan:","gambar":"","created_at":"0000-00-00 00:00:00","updated_at":"0"},
{"id":"10","bulan":"3","usia_bayi_id":"1","text":"8. Pada waktu bayi telungkup di alas yang datar, \r\napakah ia dapat mengangkat kepalanya seperti \r\npada gambar ini?","gambar":"3_8.png","created_at":"0000-00-00 00:00:00","updated_at":"0"},
{"id":"11","bulan":"3","usia_bayi_id":"1","text":"9. Pada waktu bayi telungkup di alas yang datar, \r\napakah ia dapat mengangkat kepalanya sehingga \r\nmembentuk sudut 45 derajat seperti pada gambar?","gambar":"3_9.png","created_at":"0000-00-00 00:00:00","updated_at":"0"},
{"id":"12","bulan":"3","usia_bayi_id":"1","text":"10. Pada waktu bayi telungkup di alas yang datar, \r\napakah ia dapat mengangkat kepalanya dengan \r\ntegak seperti pada gambar?","gambar":"3_10.png","created_at":"0000-00-00 00:00:00","updated_at":"0"},
{"id":"13","bulan":"6","usia_bayi_id":"2","text":"#Bayi Terlentangkan:","gambar":"","created_at":"0000-00-00 00:00:00","updated_at":"0"},
{"id":"14","bulan":"6","usia_bayi_id":"2","text":"1. Ambil wool merah, letakkan di atas wajah di depan mata, \r\ngerakkan wool dari samping kiri ke kanan kepala. Apakah ia \r\ndapat mengikuti gerakan anda dengan menggerakkan kepala \r\nsepenuhnya dari satu ke sisi yang lain?","gambar":"6_1.png","created_at":"0000-00-00 00:00:00","updated_at":"0"},
{"id":"15","bulan":"6","usia_bayi_id":"2","text":"2. Pada posisi bayi terlentang, pegang kedua tangannya lalu tarik \r\nperlahan-lahan ke posisi duduk. Dapatkah bayi mempertahankan \r\nlehernya secara kaku seperti gambar? Jawab TIDAK bila kepala \r\nbayi jatuh kembali seperti gambar.","gambar":"6_2.png","created_at":"0000-00-00 00:00:00","updated_at":"0"},
{"id":"16","bulan":"6","usia_bayi_id":"2","text":"#Bayi Telungkupkan:","gambar":"","created_at":"0000-00-00 00:00:00","updated_at":"0"},
{"id":"17","bulan":"6","usia_bayi_id":"2","text":"3. Ketika bayi telungkup di alas datar, apakah ia dapat mengangkat \r\ndada dengan kedua lengannya sebagai penyangga seperti pada \r\ngambar?","gambar":"6_3.png","created_at":"0000-00-00 00:00:00","updated_at":"0"},
{"id":"18","bulan":"6","usia_bayi_id":"2","text":"#Bayi dipangku ibunya \/ pengasuh di tepi meja periksa:","gambar":"","created_at":"0000-00-00 00:00:00","updated_at":"0"},
{"id":"19","bulan":"6","usia_bayi_id":"2","text":"4. Dapatkah bayi mempertahankan posisi kepala dalam \r\nkeadaan tegak dan stabil? Jawab TIDAK bila kepala bayi \r\ncenderung jatuh ke kanan\/kiri atau ke dadanya","gambar":"","created_at":"0000-00-00 00:00:00","updated_at":"0"},
{"id":"20","bulan":"6","usia_bayi_id":"2","text":"5. Sentuhkan pensil di punggung tangan atau ujung jari bayi (jangan meletakkan di atas \r\ntelapak tangan bayi). Apakah bayi dapat menggenggam pensil itu selama beberapa \r\ndetik?","gambar":"6_5.png","created_at":"0000-00-00 00:00:00","updated_at":"0"},
{"id":"21","bulan":"6","usia_bayi_id":"2","text":"6. Dapatkah bayi mengarahkan matanya pada benda kecil sebesar kacang, kismis atau \r\nuang logam? Jawab TIDAK jika ia tidak dapat mengarahkan matanya.","gambar":"","created_at":"0000-00-00 00:00:00","updated_at":"0"},
{"id":"22","bulan":"6","usia_bayi_id":"2","text":"7. Dapatkah bayi meraih mainan yang diletakkan agak jauh namun masih berada dalam \r\njangkauan tangannya?","gambar":"","created_at":"0000-00-00 00:00:00","updated_at":"0"},
{"id":"23","bulan":"6","usia_bayi_id":"2","text":"#Tanya Ibu \/ Pengasuh :","gambar":"","created_at":"0000-00-00 00:00:00","updated_at":"0"},
{"id":"24","bulan":"6","usia_bayi_id":"2","text":"8.Pernahkah bayi mengeluarkan suara gembira bernada tinggi atau memekik tetapi bukan \r\nmenangis?","gambar":"","created_at":"0000-00-00 00:00:00","updated_at":"0"},
{"id":"25","bulan":"6","usia_bayi_id":"2","text":"9. Pernahkah bayi berbalik paling sedikit dua kali, dari terlentang ke telungkup atau \r\nsebaliknya?","gambar":"","created_at":"0000-00-00 00:00:00","updated_at":"0"},
{"id":"26","bulan":"6","usia_bayi_id":"2","text":"10. Pernahkah anda melihat bayi tersenyum ketika melihat mainan yang lucu, gambar atau \r\nbinatang peliharaan pada saat ia bermain sendiri?","gambar":"","created_at":"0000-00-00 00:00:00","updated_at":"0"},
{"id":"27","bulan":"9","usia_bayi_id":"3","text":"#Bayi Terlentangkan:","gambar":"","created_at":"0000-00-00 00:00:00","updated_at":"0"},
{"id":"28","bulan":"9","usia_bayi_id":"3","text":"1. Pada posisi bayi telentang, pegang kedua \r\ntangannya lalu tarik perlahan-lahan ke posisi \r\nduduk. Dapatkah bayi mempertahankan \r\nlehernya secara kaku seperti gambar di \r\nsebelah kiri ?\r\nJawab TIDAK bila kepala bayi jatuh kembali seperti gambar sebelah kanan.","gambar":"9_1.png","created_at":"0000-00-00 00:00:00","updated_at":"0"},
{"id":"29","bulan":"9","usia_bayi_id":"3","text":"#Bayi dipangku ibunya\/pengasuh di tepi meja periksa","gambar":"","created_at":"0000-00-00 00:00:00","updated_at":"0"},
{"id":"30","bulan":"9","usia_bayi_id":"3","text":"2. Tarik perhatian bayi dengan memperlihatkan wool merah, kemudian jatuh \r\nkan ke lantai. Apakah bayi mencoba mencarinya? Misalnya mencari di \r\nbawah meja atau di belakang kursi?","gambar":"","created_at":"0000-00-00 00:00:00","updated_at":"0"},
{"id":"31","bulan":"9","usia_bayi_id":"3","text":"3. Taruh 2 kubus di atas meja, buat agar bayi dapat memungut masing-masing \r\nkubus dengan masing-masing tangan dan memegang satu kubus pada \r\nmasing-masing tangannya","gambar":"","created_at":"0000-00-00 00:00:00","updated_at":"0"},
{"id":"32","bulan":"9","usia_bayi_id":"3","text":"4. Taruh kismis di atas meja. Dapatkah bayi memungut \r\ndengan tangannya benda-benda kecil seperti \r\nkismis, kacang-kacangan, potongan biskuit, \r\ndengan gerakan miring atau menggerapai \r\nseperti gambar ?","gambar":"9_4.png","created_at":"0000-00-00 00:00:00","updated_at":"0"},
{"id":"33","bulan":"9","usia_bayi_id":"3","text":"5. Letakkan suatu mainan yang dinginkannya di luar jangkauan bayi, apakah ia \r\nmencoba mendapatkannya dengan mengulurkan lengan atau badannya?","gambar":"9_5.png","created_at":"0000-00-00 00:00:00","updated_at":"0"},
{"id":"34","bulan":"9","usia_bayi_id":"3","text":"#Tanya Ibu\/Pengasuh","gambar":"","created_at":"0000-00-00 00:00:00","updated_at":"0"},
{"id":"35","bulan":"9","usia_bayi_id":"3","text":"6. Apakah pernah melihat bayi memindahkan mainan atau kue kering dari satu \r\ntangan ke tangan yang lain? Benda-benda panjang seperti sendok atau \r\nkerincingan bertangkai tidak ikut dinilai.","gambar":"","created_at":"0000-00-00 00:00:00","updated_at":"0"},
{"id":"36","bulan":"9","usia_bayi_id":"3","text":"7. Apakah bayi dapat makan kue kering sendiri?","gambar":"","created_at":"0000-00-00 00:00:00","updated_at":"0"},
{"id":"37","bulan":"9","usia_bayi_id":"3","text":"8. Pada waktu bayi bermain sendiri dan ibu diam-diam datang berdiri di \r\nbelakangnya, apakah ia menengok ke belakang seperti mendengar kedatangan \r\nanda?\r\nSuara keras tidak ikut dihitung. Jawab YA hanya jika anda melihat reaksinya \r\nterhadap suara yang perlahan atau bisikan.","gambar":"","created_at":"0000-00-00 00:00:00","updated_at":"0"},
{"id":"38","bulan":"9","usia_bayi_id":"3","text":"#Bayi dipangku pemeriksa","gambar":"","created_at":"0000-00-00 00:00:00","updated_at":"0"},
{"id":"39","bulan":"9","usia_bayi_id":"3","text":"9. Jika anda mengangkat bayi melalui ketiaknya ke posisi berdiri, dapatkah ia \r\nmenyangga sebagian berat badan dengan kedua kakinya? Jawab YA bila ia \r\nmencoba berdiri dan sebagian berat badan tertumpu pada kedua kakinya.","gambar":"","created_at":"0000-00-00 00:00:00","updated_at":"0"},
{"id":"40","bulan":"9","usia_bayi_id":"3","text":"10. Tanpa disangga oleh bantal, kursi atau dinding, dapatkah \r\nbayi duduk sendiri selama 60 detik?","gambar":"","created_at":"0000-00-00 00:00:00","updated_at":"0"},
{"id":"41","bulan":"12","usia_bayi_id":"4","text":"#Bayi dipangku ibunya\/pengasuh di tepi meja periksa","gambar":"","created_at":"0000-00-00 00:00:00","updated_at":"0"},
{"id":"42","bulan":"12","usia_bayi_id":"4","text":"1. Letakkan pensil di telapak tangan bayi. Coba ambil pensil tersebut \r\ndengan perlahan-lahan. Sulitkah anda mendapatkan pensil itu \r\nkembali?","gambar":"","created_at":"0000-00-00 00:00:00","updated_at":"0"},
{"id":"43","bulan":"12","usia_bayi_id":"4","text":"2. Taruh kismis di atas meja. Dapatkah bayi memungut dengan tangannya \r\nbenda-benda kecil seperti kismis, kacang-kacangan, potongan biskuit, \r\ndengan gerakan miring atau menggerapai seperti gambar ?","gambar":"12_2.png","created_at":"0000-00-00 00:00:00","updated_at":"0"},
{"id":"44","bulan":"12","usia_bayi_id":"4","text":"3. Tanpa bantuan,apakah anak dapat mempertemukan dua kubus kecil \r\nyang ia pegang?","gambar":"","created_at":"0000-00-00 00:00:00","updated_at":"0"},
{"id":"45","bulan":"12","usia_bayi_id":"4","text":"4. Sebut 2-3 kata yang dapat ditiru oleh anak (tidak perlu kata-kata \r\nyang lengkap). Apakah ia mencoba meniru menyebutkan kata-kata \r\ntadi ?","gambar":"","created_at":"0000-00-00 00:00:00","updated_at":"0"},
{"id":"46","bulan":"12","usia_bayi_id":"4","text":"#Tanya Ibu\/Pengasuh","gambar":"","created_at":"0000-00-00 00:00:00","updated_at":"0"},
{"id":"47","bulan":"12","usia_bayi_id":"4","text":"5. Jika anda bersembunyi di belakang sesuatu\/di pojok, kemudian \r\nmuncul dan menghilang secara berulang-ulang di hadapan anak, \r\napakah ia mencari anda atau mengharapkan anda muncul kembali?","gambar":"","created_at":"0000-00-00 00:00:00","updated_at":"0"},
{"id":"48","bulan":"12","usia_bayi_id":"4","text":"6. Apakah anak dapat mengangkat badannya ke posisi berdiri tanpa \r\nbantuan anda?","gambar":"","created_at":"0000-00-00 00:00:00","updated_at":"0"},
{"id":"49","bulan":"12","usia_bayi_id":"4","text":"7. Apakah anak dapat membedakan anda dengan orang yang belum ia \r\nkenal? Ia akan menunjukkan sikap malu-malu atau ragu-ragu pada \r\nsaat permulaan bertemu dengan orang yang belum dikenalnya.","gambar":"","created_at":"0000-00-00 00:00:00","updated_at":"0"},
{"id":"50","bulan":"12","usia_bayi_id":"4","text":"8. Apakah anak dapat duduk sendiri tanpa bantuan?","gambar":"","created_at":"0000-00-00 00:00:00","updated_at":"0"},
{"id":"51","bulan":"12","usia_bayi_id":"4","text":"9. Apakah anak dapat mengatakan 2 suku kata yang sama, misalnya: \r\n\"ma-ma\", \"da-da\" atau \"pa-pa\". Jawab YA bila ia mengeluarkan \r\nsalah satu suara tadi.","gambar":"","created_at":"0000-00-00 00:00:00","updated_at":"0"},
{"id":"52","bulan":"12","usia_bayi_id":"4","text":"#Coba berdirikan anak:","gambar":"","created_at":"0000-00-00 00:00:00","updated_at":"0"},
{"id":"53","bulan":"12","usia_bayi_id":"4","text":"10. Apakah anak dapat berdiri selama 30 detik atau lebih dengan berpegangan \r\npada kursi\/meja?","gambar":"","created_at":"0000-00-00 00:00:00","updated_at":"0"},
{"id":"54","bulan":"15","usia_bayi_id":"5","text":"#Anak dipangku ibunya\/pengasuh ditepi meja periksa","gambar":"","created_at":"0000-00-00 00:00:00","updated_at":"0"},
{"id":"55","bulan":"15","usia_bayi_id":"5","text":"1. Beri 2 kubus, tanpa bantuan, apakah anak dapat mempertemukan dua \r\nkubus kecil yang ia pegang?","gambar":"","created_at":"0000-00-00 00:00:00","updated_at":"0"},
{"id":"56","bulan":"15","usia_bayi_id":"5","text":"2. Apakah anak anak dapat mengambil benda kecil seperti kacang, kismis, \r\natau potongan biskuit dengan menggunakan ibu jari dan jari telunjuk \r\nseperti pada gambar ?","gambar":"15_2.png","created_at":"0000-00-00 00:00:00","updated_at":"0"},
{"id":"57","bulan":"15","usia_bayi_id":"5","text":"#Tanya Ibu\/Pengasuh","gambar":"","created_at":"0000-00-00 00:00:00","updated_at":"0"},
{"id":"58","bulan":"15","usia_bayi_id":"5","text":"3. Apakah anak dapat jalan sendiri atau jalan dengan berpegangan?","gambar":"","created_at":"0000-00-00 00:00:00","updated_at":"0"},
{"id":"59","bulan":"15","usia_bayi_id":"5","text":"4. Tanpa bantuan, apakah anak dapat bertepuk tangan atau melambai\u0002lambai?","gambar":"","created_at":"0000-00-00 00:00:00","updated_at":"0"},
{"id":"60","bulan":"15","usia_bayi_id":"5","text":"5. Jawab TIDAK bila ia membutuh kan bantuan\r\nApakah anak dapat mengatakan \"papa\" ketika ia memanggil\/melihat\r\nayahnya, atau mengatakan \"mama\" jika memanggil\/melihat ibunya?","gambar":"","created_at":"0000-00-00 00:00:00","updated_at":"0"},
{"id":"61","bulan":"15","usia_bayi_id":"5","text":"6. Jawab YA bila anak mengatakan salah satu diantaranya\r\nApakah anak dapat menunjukkan apa yang diinginkannya tanpa \r\nmenangis atau merengek? Jawab YA bila ia menunjuk, menarik atau \r\nmengeluarkan suara yang menyenangkan","gambar":"","created_at":"0000-00-00 00:00:00","updated_at":"0"},
{"id":"62","bulan":"15","usia_bayi_id":"5","text":"#Coba berdirikan anak:","gambar":"","created_at":"0000-00-00 00:00:00","updated_at":"0"},
{"id":"63","bulan":"15","usia_bayi_id":"5","text":"7.Apakah anak dapat berdiri sendiri tanpa berpegangan selama kira-kira \r\n5 detik?","gambar":"","created_at":"0000-00-00 00:00:00","updated_at":"0"},
{"id":"64","bulan":"15","usia_bayi_id":"5","text":"8. Apakah anak dapat berdiri sendiri tanpa berpegangan selama 30 detik\r\natau lebih?","gambar":"","created_at":"0000-00-00 00:00:00","updated_at":"0"},
{"id":"65","bulan":"15","usia_bayi_id":"5","text":"9. Taruh kubus di lantai, tanpa berpegangan atau menyentuh lantai, \r\napakah anak dapat membungkuk untuk memungut kubus di lantai dan \r\nkemudian berdiri kembali?","gambar":"","created_at":"0000-00-00 00:00:00","updated_at":"0"},
{"id":"66","bulan":"15","usia_bayi_id":"5","text":"10. Apakah anak dapat berjalan di sepanjang ruangan tanpa jatuh \r\natauterhuyung-huyung?","gambar":"","created_at":"0000-00-00 00:00:00","updated_at":"0"},
{"id":"67","bulan":"18","usia_bayi_id":"6","text":"#Anak dipangku ibunya \/ Pengasuh ditepi meja periksa","gambar":"","created_at":"0000-00-00 00:00:00","updated_at":"0"},
{"id":"68","bulan":"18","usia_bayi_id":"6","text":"1. Letakkan kismis diatas meja dekat anak, apakah anak dapat mengambil\r\ndengan ibu jari dan telunjuk?","gambar":"18_1.png","created_at":"0000-00-00 00:00:00","updated_at":"0"},
{"id":"69","bulan":"18","usia_bayi_id":"6","text":"2. Gelindingkan bola tenis ke arah anak, apakah dapat mengelindingkan \r\n\/melempar bola kembali kepada anak?","gambar":"","created_at":"0000-00-00 00:00:00","updated_at":"0"},
{"id":"70","bulan":"18","usia_bayi_id":"6","text":"#Tanya ibu","gambar":"","created_at":"0000-00-00 00:00:00","updated_at":"0"},
{"id":"71","bulan":"18","usia_bayi_id":"6","text":"3. Apakah anak dapat bertepuk tangan atau melambaikan tangan tanpa \r\nbantuan?","gambar":"","created_at":"0000-00-00 00:00:00","updated_at":"0"},
{"id":"72","bulan":"18","usia_bayi_id":"6","text":"4. Apakah anak dapat mengatakan \"papa\" ketika melihat atau memanggil\r\nayahnya atau mengatakan \"mama\" ketika melihat atau memanggil \r\nibunya?","gambar":"","created_at":"0000-00-00 00:00:00","updated_at":"0"},
{"id":"73","bulan":"18","usia_bayi_id":"6","text":"5. Apakah anak dapat menunjukkan apa yang diingikan tanpa menangis \r\natau merengek?","gambar":"","created_at":"0000-00-00 00:00:00","updated_at":"0"},
{"id":"74","bulan":"18","usia_bayi_id":"6","text":"6. Apakah anak dapat minum dari cangkir\/gelas sendiri tanpa tumpah?","gambar":"","created_at":"0000-00-00 00:00:00","updated_at":"0"},
{"id":"75","bulan":"18","usia_bayi_id":"6","text":"#Coba berdirikan anak:","gambar":"","created_at":"0000-00-00 00:00:00","updated_at":"0"},
{"id":"76","bulan":"18","usia_bayi_id":"6","text":"7. Apakah anak dapat berdiri kira-kira 5 detik tanpa pegangan?","gambar":"","created_at":"0000-00-00 00:00:00","updated_at":"0"},
{"id":"77","bulan":"18","usia_bayi_id":"6","text":"8. Apakah anak dapat berdiri kira kira lebih dari 30 detik tanpa pegangan?","gambar":"","created_at":"0000-00-00 00:00:00","updated_at":"0"},
{"id":"78","bulan":"18","usia_bayi_id":"6","text":"9. Letakkan kubus di lantai, minta anak memungut, apakah anak dapat \r\nmemungut dan berdiri kembali tanpa berpegangan?","gambar":"","created_at":"0000-00-00 00:00:00","updated_at":"0"},
{"id":"79","bulan":"18","usia_bayi_id":"6","text":"10. Minta anak berjalan sepanjang ruangan, dapatkan ia berjalan tanpa \r\nterhunyung\/jatuh?","gambar":"","created_at":"0000-00-00 00:00:00","updated_at":"0"},
{"id":"80","bulan":"21","usia_bayi_id":"7","text":"#Anak dipangku ibunya \/ Pengasuh ditepi meja periksa","gambar":"","created_at":"0000-00-00 00:00:00","updated_at":"0"},
{"id":"81","bulan":"21","usia_bayi_id":"7","text":"1. Letakkan kismis diatas meja dekat anak, apakah anak dapat mengambil\r\ndengan ibu jari dan telunjuk?","gambar":"21_1.png","created_at":"0000-00-00 00:00:00","updated_at":"0"},
{"id":"82","bulan":"21","usia_bayi_id":"7","text":"2. Gelindingkan bola tenis ke arah anak, apakah dapat mengelindingkan \r\n\/melempar bola kembali kepada anak?","gambar":"","created_at":"0000-00-00 00:00:00","updated_at":"0"},
{"id":"83","bulan":"21","usia_bayi_id":"7","text":"3. Beri kubus didepannya. Minta anak meletakkan 1 kubus diatas kubus \r\nlainnya (1 tingkat saja)","gambar":"","created_at":"0000-00-00 00:00:00","updated_at":"0"},
{"id":"84","bulan":"21","usia_bayi_id":"7","text":"#Tanya ibu","gambar":"","created_at":"0000-00-00 00:00:00","updated_at":"0"},
{"id":"85","bulan":"21","usia_bayi_id":"7","text":"4. Apakah anak dapat menunjukkan apa yang diinginkan tanpa menangis \r\natau merengek?","gambar":"","created_at":"0000-00-00 00:00:00","updated_at":"0"},
{"id":"86","bulan":"21","usia_bayi_id":"7","text":"5. Apakah anak dapat minum dari cangkir\/gelas sendiri tanpa tumpah?","gambar":"","created_at":"0000-00-00 00:00:00","updated_at":"0"},
{"id":"87","bulan":"21","usia_bayi_id":"7","text":"6. Apakah anak suka meniru bila ibu sedang melakukan pekerjaan rumah\r\ntangga (menyapu, mencuci, dll)","gambar":"","created_at":"0000-00-00 00:00:00","updated_at":"0"},
{"id":"88","bulan":"21","usia_bayi_id":"7","text":"7. Apakah anak dapat mengucapkan minimal 3 kata yang mempunyai arti\r\n(selain kata mama dan papa)?","gambar":"","created_at":"0000-00-00 00:00:00","updated_at":"0"},
{"id":"89","bulan":"21","usia_bayi_id":"7","text":"8. Apakah anak pernah berjalan mundur minimal 5 langkah?","gambar":"","created_at":"0000-00-00 00:00:00","updated_at":"0"},
{"id":"90","bulan":"21","usia_bayi_id":"7","text":"#Coba berdirikan anak","gambar":"","created_at":"0000-00-00 00:00:00","updated_at":"0"},
{"id":"91","bulan":"21","usia_bayi_id":"7","text":"9. Letakkan kubus di lantai, minta anak memungut, apakah anak dapat\r\nmemungut dan berdiri kembali tanpa berpegangan?","gambar":"","created_at":"0000-00-00 00:00:00","updated_at":"0"},
{"id":"92","bulan":"21","usia_bayi_id":"7","text":"10. Minta anak berjalan sepanjang ruangan, dapatkan ia berjalan tanpa\r\nterhunyung\/jatuh?","gambar":"","created_at":"0000-00-00 00:00:00","updated_at":"0"},
{"id":"93","bulan":"24","usia_bayi_id":"8","text":"#Anak dipangku ibunya \/ Pengasuh ditepi meja periksa","gambar":"","created_at":"0000-00-00 00:00:00","updated_at":"0"},
{"id":"94","bulan":"24","usia_bayi_id":"8","text":"1. Apakah anak dapat meletakkan satu kubus di atas kubus yang lain \r\ntanpa menjatuhkan kubus itu?","gambar":"","created_at":"0000-00-00 00:00:00","updated_at":"0"},
{"id":"95","bulan":"24","usia_bayi_id":"8","text":"2. Tanpa bimbingan, petunjuk, atau bantuan anda, dapatkah anak menunjuk\r\ndengan benar paling sedikit satu bagian badannya (rambut, mata, \r\nhidung, mulut, atau bagian badan yang lain)?","gambar":"","created_at":"0000-00-00 00:00:00","updated_at":"0"},
{"id":"96","bulan":"24","usia_bayi_id":"8","text":"Tanya ibu","gambar":"","created_at":"0000-00-00 00:00:00","updated_at":"0"},
{"id":"97","bulan":"24","usia_bayi_id":"8","text":"3. Apakah anak suka meniru bila ibu sedang melakukan pekerjaan rumah\r\ntangga (menyapu, mencuci, dll)?","gambar":"","created_at":"0000-00-00 00:00:00","updated_at":"0"},
{"id":"98","bulan":"24","usia_bayi_id":"8","text":"4. Apakah anak dapat mengucapkan paling sedikit 3 kata yang mempunyai \r\narti selain \"papa\" dan \"mama\"?","gambar":"","created_at":"0000-00-00 00:00:00","updated_at":"0"},
{"id":"99","bulan":"24","usia_bayi_id":"8","text":"5. Apakah anak berjalan mundur 5 langkah atau lebih tanpa kehilangan \r\nkeseimbangan? (Anda mungkin dapat melihatnya ketika anak menarik \r\nmainannya)","gambar":"","created_at":"0000-00-00 00:00:00","updated_at":"0"},
{"id":"100","bulan":"24","usia_bayi_id":"8","text":"6. Dapatkah anak melepas pakaiannya seperti : Baju, Rok, atau celananya ?","gambar":"","created_at":"0000-00-00 00:00:00","updated_at":"0"},
{"id":"101","bulan":"24","usia_bayi_id":"8","text":"7. Dapatkah anak berjalan naik tangga sendiri? Jawab YA jika ia naik tangga \r\ndengan posisi tegak atau berpegangan pada dinding atau pegangan \r\ntangga. Jawab TIDAK jika ia naik tangga dengan merangkak atau anda \r\ntidak mebolehkan anak naik tangga atau anak harus berpegangan pada \r\nseseorang.","gambar":"","created_at":"0000-00-00 00:00:00","updated_at":"0"},
{"id":"102","bulan":"24","usia_bayi_id":"8","text":"8. Dapatkah anak makan nasi sendiri tanpa banyak tumpah?","gambar":"","created_at":"0000-00-00 00:00:00","updated_at":"0"},
{"id":"103","bulan":"24","usia_bayi_id":"8","text":"9. Dapatkah anak membantu memungt mainannya sendiri atau \r\nmembantu mengangkat piring jika diminta?","gambar":"","created_at":"0000-00-00 00:00:00","updated_at":"0"},
{"id":"104","bulan":"24","usia_bayi_id":"8","text":"#Berdirikan anak","gambar":"","created_at":"0000-00-00 00:00:00","updated_at":"0"},
{"id":"105","bulan":"24","usia_bayi_id":"8","text":"10. Letakkan bola tenis di depan kakinya. Apakah dia dapat menendangnya,\r\ntanpa berpegangan pada apapun?","gambar":"","created_at":"0000-00-00 00:00:00","updated_at":"0"},
{"id":"106","bulan":"30","usia_bayi_id":"9","text":"#Anak dipangku ibunya \/ Pengasuh ditepi meja periksa","gambar":"","created_at":"0000-00-00 00:00:00","updated_at":"0"},
{"id":"107","bulan":"30","usia_bayi_id":"9","text":"1. Tanpa bimbingan, petunjuk atau bantuan anda, dapatkah anak menunjuk dengan  benar  paling  sedikit  satu  bagian  badannya  (rambut,  mata, hidung, mulut, atau bagian badan yang lain)?","gambar":"","created_at":"0000-00-00 00:00:00","updated_at":"0"},
{"id":"108","bulan":"30","usia_bayi_id":"9","text":"2. Beri kubus di depannya. Dapatkah anak meletakkan 4 buah kubus satupersatu di atas kubus yang lain tanpa menjatuhkan kubus itu?","gambar":"","created_at":"0000-00-00 00:00:00","updated_at":"0"},
{"id":"109","bulan":"30","usia_bayi_id":"9","text":"3. Apakah anak dapat menyebut 2 diantara gambar-gambar ini tanpa bantuan?  (menyebut dengan suara binatang tidak ikut dinilai)","gambar":"30_3.png","created_at":"0000-00-00 00:00:00","updated_at":"0"},
{"id":"110","bulan":"30","usia_bayi_id":"9","text":"4. Bila    diberi    pensil,    apakah    anak    mencoret-coret    kertas    tanpa bantuan\/petunjuk?","gambar":"","created_at":"0000-00-00 00:00:00","updated_at":"0"},
{"id":"111","bulan":"30","usia_bayi_id":"9","text":"#Tanya ibu","gambar":"","created_at":"0000-00-00 00:00:00","updated_at":"0"},
{"id":"112","bulan":"30","usia_bayi_id":"9","text":"5. Dapatkah anak melepas pakaiannya seperti: baju, rok, atau celananya?(topi dan kaos kaki tidak ikut dinilai).","gambar":"","created_at":"0000-00-00 00:00:00","updated_at":"0"},
{"id":"113","bulan":"30","usia_bayi_id":"9","text":"6. Dapatkah anak berjalan naik tangga sendiri?Jawab  YA.  Jika  ia  naik  tangga  dengan  posisi  tegak  atau  berpegangan pada  dinding  atau  pegangan  tangga  Jawab  TIDAK.  Jika  ia  naik  tangga dengan merangkak atau anda tidak membolehkan anak naik tangga atau anak harus berpegangan pada seseorang.","gambar":"","created_at":"0000-00-00 00:00:00","updated_at":"0"},
{"id":"114","bulan":"30","usia_bayi_id":"9","text":"7. Dapatkah anak makan nasi sendiri tanpa banyak tumpah?","gambar":"","created_at":"0000-00-00 00:00:00","updated_at":"0"},
{"id":"115","bulan":"30","usia_bayi_id":"9","text":"8. Dapatkah  anak  membantu  memungut  mainannya  sendiri  atau  mem-bantu mengangkat piring jika diminta?","gambar":"","created_at":"0000-00-00 00:00:00","updated_at":"0"},
{"id":"116","bulan":"30","usia_bayi_id":"9","text":"9. Dapatkah anak menggunakan 2 kata pada saat berbicara seperti \"mintaminum\", \"mau tidur\"? \"Terimakasih\" dan \"Dadag\" tidak ikut dinilai.","gambar":"","created_at":"0000-00-00 00:00:00","updated_at":"0"},
{"id":"117","bulan":"30","usia_bayi_id":"9","text":"#Berdirikan anak","gambar":"","created_at":"0000-00-00 00:00:00","updated_at":"0"},
{"id":"118","bulan":"30","usia_bayi_id":"9","text":"10. Letakkan  bola  tenis  didpn  kakinya.  Dapatkah  anak  menendang  bola kecil  (sebesar  bola  tenis)  ke  depan  tanpa  berpegangan  pada  apapun? Mendorong tidak ikut dinilai","gambar":"","created_at":"0000-00-00 00:00:00","updated_at":"0"},
{"id":"119","bulan":"36","usia_bayi_id":"10","text":"#Anak dipangku ibunya \/ Pengasuh ditepi meja periksa","gambar":"","created_at":"0000-00-00 00:00:00","updated_at":"0"},
{"id":"120","bulan":"36","usia_bayi_id":"10","text":"1. Beri kubus di depannya.\r\nDapatkah anak meletakkan 4 buah kubus satu persatu di atas kubus \r\nyang lain tanpa menjatuhkan kubus itu?","gambar":"","created_at":"0000-00-00 00:00:00","updated_at":"0"},
{"id":"121","bulan":"36","usia_bayi_id":"10","text":"2. Apakah anak dapat menyebut 2 diantara gambar- gambar ini tanpa \r\nbantuan? (Menyebut dengan suara binatang tidak ikut dinilai)","gambar":"36_2.png","created_at":"0000-00-00 00:00:00","updated_at":"0"},
{"id":"122","bulan":"36","usia_bayi_id":"10","text":"3. Bila diberi pensil, apakah anak mencoret-coret kertas tanpa bantuan\/petuniuk?","gambar":"","created_at":"0000-00-00 00:00:00","updated_at":"0"},
{"id":"123","bulan":"36","usia_bayi_id":"10","text":"4. Buat garis lurus ke bawah sepanjang sekurang- kurangnya 2.5 cm. Suruh \r\nanak menggambar garis lain di samping garis ini.\r\nJawab YA bila ia menggambar garis seperti gambar 1\r\nJawab TIDAK bila ia menggambar garis seperti gambar 2","gambar":"36_4.png","created_at":"0000-00-00 00:00:00","updated_at":"0"},
{"id":"124","bulan":"36","usia_bayi_id":"10","text":"#Tanya ibu","gambar":"","created_at":"0000-00-00 00:00:00","updated_at":"0"},
{"id":"125","bulan":"36","usia_bayi_id":"10","text":"5. Dapatkah anak menggunakan 2 kata berangkai pada saat berbicara seperti\r\n\"minta minum\", \"mau tidur''?\r\n\"Terimakasih\" dan \"Dadag\" tidak ikut dinilai","gambar":"","created_at":"0000-00-00 00:00:00","updated_at":"0"},
{"id":"126","bulan":"36","usia_bayi_id":"10","text":"6. Dapatkah anak mengenakan sepatunya sendiri?","gambar":"","created_at":"0000-00-00 00:00:00","updated_at":"0"},
{"id":"127","bulan":"36","usia_bayi_id":"10","text":"7. Dapatkah anak mengayuh sepeda roda tiga sejauh sedikitnya 3 meter?","gambar":"","created_at":"0000-00-00 00:00:00","updated_at":"0"},
{"id":"128","bulan":"36","usia_bayi_id":"10","text":"#Berdirikan anak","gambar":"","created_at":"0000-00-00 00:00:00","updated_at":"0"},
{"id":"129","bulan":"36","usia_bayi_id":"10","text":"8. lkuti perintah ini dengan seksama. Jangan memberi isyarat dengan \r\ntelunjuk atau mata pada saat memberikan perintah berikut ini:\r\n\"Letakkan kertas ini di lantai\".\r\n\"Letakkan kertas ini di kursi\".\r\n\"Berikan kertas ini kepada ibu\"","gambar":"","created_at":"0000-00-00 00:00:00","updated_at":"0"},
{"id":"130","bulan":"36","usia_bayi_id":"10","text":"9. Dapatkah anak melaksanakan ketiga perintah tadi?\r\nLetakkan selembar kertas seukuran buku ini di lantai. Apakah anak \r\ndapat melompati bagian lebar kertas dengan mengangkat kedua \r\nkakinya secara bersamaan tanpa didahului lari?","gambar":"","created_at":"0000-00-00 00:00:00","updated_at":"0"},
{"id":"131","bulan":"36","usia_bayi_id":"10","text":"10. Beri bola tenis. Minta anak melemparkan kearah dada anda. Dapatkah \r\nanak melempar bola lurus ke arah perut atau dada anda dari jarak 1,5 \r\nmeter?","gambar":"","created_at":"0000-00-00 00:00:00","updated_at":"0"},
{"id":"132","bulan":"42","usia_bayi_id":"11","text":"#Anak dipangku Ibunya\/duduk sendiri di tepi meja periksa","gambar":"","created_at":"0000-00-00 00:00:00","updated_at":"0"},
{"id":"133","bulan":"42","usia_bayi_id":"11","text":"1. Beri kubus di depannya. Dapatkah anak meletakkan 8 buah kubus satu \r\npersatu di atas yang lain tanpa menjatuhkan kubus tersebut?","gambar":"","created_at":"0000-00-00 00:00:00","updated_at":"0"},
{"id":"134","bulan":"42","usia_bayi_id":"11","text":"2. Beri pensil dan kertas. Buatlah lingkaran di atas kertas tersebut.Minta anak \r\nmenirunya. Dapatkah anak menggambar lingkaran?","gambar":"42_2.png","created_at":"0000-00-00 00:00:00","updated_at":"0"},
{"id":"135","bulan":"42","usia_bayi_id":"11","text":"#Tanya Ibu\/Pengasuh:","gambar":"","created_at":"0000-00-00 00:00:00","updated_at":"0"},
{"id":"136","bulan":"42","usia_bayi_id":"11","text":"3. Dapatkah anak mengenakan sepatunya sendiri?","gambar":"","created_at":"0000-00-00 00:00:00","updated_at":"0"},
{"id":"137","bulan":"42","usia_bayi_id":"11","text":"4. Dapatkah anak mengayuh sepeda roda tiga sejauh sedikitnya 3 meter?","gambar":"","created_at":"0000-00-00 00:00:00","updated_at":"0"},
{"id":"138","bulan":"42","usia_bayi_id":"11","text":"5. Apakah anak dapat mencuci tangannya sendiri dengan baik setelah makan?","gambar":"","created_at":"0000-00-00 00:00:00","updated_at":"0"},
{"id":"139","bulan":"42","usia_bayi_id":"11","text":"6. Apakah anak dapat mengikuti peraturan permainan bila bermain dengan \r\nteman-temannya? (misal: ular tangga, petak umpet, dll)","gambar":"","created_at":"0000-00-00 00:00:00","updated_at":"0"},
{"id":"140","bulan":"42","usia_bayi_id":"11","text":"7. Dapatkah anak mengenakan celana panjang, kemeja, baju atau kaos kaki \r\ntanpa di bantu? (Tidak termasuk memasang kancing, gesper atau ikat \r\npinggang)","gambar":"","created_at":"0000-00-00 00:00:00","updated_at":"0"},
{"id":"141","bulan":"42","usia_bayi_id":"11","text":"#Minta anak untuk berdiri","gambar":"","created_at":"0000-00-00 00:00:00","updated_at":"0"},
{"id":"142","bulan":"42","usia_bayi_id":"11","text":"8. Suruh anak berdiri satu kaki tanpa berpegangan. Jika perlu tunjukkan\r\ncaranya dan beri anak anda kesempatan melakukannya 3 kali. Dapatkah ia\r\nmempertahankan keseimbangan dalam waktu 2 detik atau lebih?","gambar":"","created_at":"0000-00-00 00:00:00","updated_at":"0"},
{"id":"143","bulan":"42","usia_bayi_id":"11","text":"9. Letakkan selembar kertas seukuran buku ini di lantai. Apakah anak dapat \r\nmelompati panjang kertas ini dengan mengangkat kedua kakinya secara \r\nbersamaan tanpa didahului lari?","gambar":"","created_at":"0000-00-00 00:00:00","updated_at":"0"},
{"id":"144","bulan":"48","usia_bayi_id":"12","text":"1. Dapatkah anak mengayuh sepeda roda tiga sejauh sedikitnya 3 meter?","gambar":"","created_at":"0000-00-00 00:00:00","updated_at":"0"},
{"id":"145","bulan":"48","usia_bayi_id":"12","text":"2. Setelah makan, apakah anak mencuci dan mengeringkan tangannya dengan baik sehingga anda tidak perlu mengulanginya?","gambar":"","created_at":"0000-00-00 00:00:00","updated_at":"0"},
{"id":"146","bulan":"48","usia_bayi_id":"12","text":"3. Suruh anak berdiri satu kaki tanpa berpegangan. Jika perlu tunjukkan caranya dan beri anak anda kesempatan melakukannya 3kali. Dapatkah ia mempertahankan keseimbangan dalam waktu 2 detik atau lebih?","gambar":"","created_at":"0000-00-00 00:00:00","updated_at":"0"},
{"id":"147","bulan":"48","usia_bayi_id":"12","text":"4. Letakkan selembar kertas seukuran buku ini di lantai. Apakah anak dapat melompati panjang kertas ini dengan mengangkat kedua kakinya secara bersamaan tanpa didahului lari?","gambar":"","created_at":"0000-00-00 00:00:00","updated_at":"0"},
{"id":"148","bulan":"48","usia_bayi_id":"12","text":"5. Jangan membantu anak dan jangan menyebut lingkaran. Suruh anak menggambar seperti contoh ini di kertas kosong yang tersedia. Dapatkah anak menggambar lingkaran?","gambar":"48_5.png","created_at":"0000-00-00 00:00:00","updated_at":"0"},
{"id":"149","bulan":"48","usia_bayi_id":"12","text":"6. Dapatkah anak meletakkan 8 buah kubus satu persatu di atas yang lain tanpa menjatuhkan kubus tersebut? Kubus yang digunakan ukuran 2.5-5 cm.","gambar":"","created_at":"0000-00-00 00:00:00","updated_at":"0"},
{"id":"150","bulan":"48","usia_bayi_id":"12","text":"7. Apakah anak dapat bermain petak umpet, ular naga atau permainan lain dimana ia ikut bermain dan mengikuti aturan bermain?","gambar":"","created_at":"0000-00-00 00:00:00","updated_at":"0"},
{"id":"151","bulan":"48","usia_bayi_id":"12","text":"8. Dapatkah anak mengenakan celana panjang, kemeja, baju atau kaos kaki tanpa di bantu? (Tidak termasuk memasang kancing, gesper atau ikat pinggang)","gambar":"","created_at":"0000-00-00 00:00:00","updated_at":"0"},
{"id":"152","bulan":"48","usia_bayi_id":"12","text":"9. Dapatkah anak menyebutkan nama lengkapnya tanpa dibantu? Jawab TIDAK jika ia hanya menyebutkan sebagian namanya atau ucapannya sulit dimengerti.","gambar":"","created_at":"0000-00-00 00:00:00","updated_at":"0"},
{"id":"153","bulan":"54","usia_bayi_id":"13","text":"1. Dapatkah anak meletakkan 8 buah kubus satu persatu di atas yang lain tanpa menjatuhkan kubus tersebut? Kubus yang digunakan ukuran 2.5-5 cm.","gambar":"","created_at":"0000-00-00 00:00:00","updated_at":"0"},
{"id":"154","bulan":"54","usia_bayi_id":"13","text":"2. Apakah anak dapat bermain petak umpet, ular naga atau permainan lain dimana ia ikut bermain dan mengikuti aturanbermain?","gambar":"","created_at":"0000-00-00 00:00:00","updated_at":"0"},
{"id":"155","bulan":"54","usia_bayi_id":"13","text":"3. Dapatkah anak mengenakan celana panjang, kemeja, baju atau kaos kaki tanpa di bantu? (Tidak termasuk memasang kancing, gesper atau ikat pinggang)","gambar":"","created_at":"0000-00-00 00:00:00","updated_at":"0"},
{"id":"156","bulan":"54","usia_bayi_id":"13","text":"4. Dapatkah anak menyebutkan nama lengkapnya tanpa dibantu? Jawab TIDAK jika ia hanya menyebut sebagian namanya atau ucapannya sulit dimengerti.","gambar":"","created_at":"0000-00-00 00:00:00","updated_at":"0"},
{"id":"157","bulan":"54","usia_bayi_id":"13","text":"5. Isi titik-titik di bawah ini dengan jawaban anak. Jangan membantu kecuali mengulangi pertanyaan. \"Apa yang kamu lakukan jika kamu kedinginan?\" \"Apa yang kamu lakukan jika kamu lapar?\" \"Apa yang kamu lakukan jika kamu lelah?\" Jawab YA biia anak merjawab ke 3 pertanyaan tadi dengan benar, bukan dengan gerakan atau isyarat. Jika kedinginan, jawaban yang benar adalah \"menggigil\" ,\"pakai mantel\" atau \"masuk kedalam rumah\". Jika lapar, jawaban yang benar adalah \"makan\" Jika lelah, jawaban yang benar adalah \"mengantuk\", \"tidur\", \"berbaring\/tidur-tiduran\", \"istirahat\" atau \"diam sejenak\"","gambar":"","created_at":"0000-00-00 00:00:00","updated_at":"0"},
{"id":"158","bulan":"54","usia_bayi_id":"13","text":"6. Apakah anak dapat mengancingkan bajunya atau pakaian boneka?","gambar":"","created_at":"0000-00-00 00:00:00","updated_at":"0"},
{"id":"159","bulan":"54","usia_bayi_id":"13","text":"7. Suruh anak berdiri satu kaki tanpa berpegangan. Jika perlu tunjukkan caranya dan beri anak ands kesempatan melakukannya 3 kali. Dapatkah ia mempertahankan keseimbangan dalam waktu 6 detik atau lebih?","gambar":"","created_at":"0000-00-00 00:00:00","updated_at":"0"},
{"id":"160","bulan":"54","usia_bayi_id":"13","text":"8. Jangan mengoreksi\/membantu anak. Jangan menyebut kata \"lebih panjang\". Perlihatkan gambar kedua garis ini pada anak. Tanyakan: \"Mana garis yang lebih panjang?\" Minta anak menunjuk garis yang lebih panjang. \r\nSetelah anak menunjuk, putar lembar ini dan ulangi pertanyaan tersebut. Setelah anak menunjuk, putar lembar ini lagi dan ulangi pertanyaan tadi. Apakah anak dapat menunjuk garis yang lebih panjang sebanyak 3 kali dengan benar?","gambar":"54_8.png","created_at":"0000-00-00 00:00:00","updated_at":"0"},
{"id":"161","bulan":"54","usia_bayi_id":"13","text":"9. Jangan membantu anak dan jangan memberitahu nama gambar ini, suruh anak menggambar seperti contoh ini di kertas kosong yang tersedia. Berikan 3 kali kesempatan. Apakah anak dapat menggambar seperti contoh ini?","gambar":"54_9.png","created_at":"0000-00-00 00:00:00","updated_at":"0"},
{"id":"162","bulan":"54","usia_bayi_id":"13","text":"10. Ikuti perintah ini dengan seksama. Jangan memberi isyarat dengan telunjuk atau mats pads saat memberikan perintah berikut ini: \"Letakkan kertas ini di atas lantai\". \"Letakkan kertas ini di bawah kursi\". \"Letakkan kertas ini di depan kamu\" \"Letakkan kertas ini di belakang kamu\" Jawab YA hanya jika anak mengerti arti \"di atas\", \"di bawah\", \"di depan\" dan \"di belakang\"","gambar":"","created_at":"0000-00-00 00:00:00","updated_at":"0"},
{"id":"163","bulan":"60","usia_bayi_id":"14","text":"1. Isi titik-titik di bawah ini dengan jawaban anak. Jangan membantu kecuali mengulangi pertanyaan.\"Apa yang kamu lakukan jika kamu kedinginan?\"\"Apa yang kamu lakukan jika kamu lapar?\"\"Apa yang kamu lakukan jika kamu lelah?\"Jawab YA biia anak merjawab ke 3 pertanyaan tadi dengan benar, bukan dengan gerakan atau isyarat.Jika kedinginan, jawaban yang benar adalah \"menggigil\" ,\"pakai mantel\" atau \"masuk kedalam rumah\".Jika lapar, jawaban yang benar adalah \"makan\"Jika lelah, jawaban yang benar adalah \"mengantuk\", \"tidur\", \"berbaring\/tidur-tiduran\", \"istirahat\" atau \"diam sejenak","gambar":"","created_at":"0000-00-00 00:00:00","updated_at":"0"},
{"id":"164","bulan":"60","usia_bayi_id":"14","text":"2. Apakah anak dapat mengancingkan bajunya atau pakaian boneka?","gambar":"","created_at":"0000-00-00 00:00:00","updated_at":"0"},
{"id":"165","bulan":"60","usia_bayi_id":"14","text":"3. Suruh anak berdiri satu kaki tanpa berpegangan. Jika perlu tunjukkan caranya dan beri anak ands kesempatan melakukannya 3 kali. Dapatkah ia mempertahankan keseimbangan dalam waktu 6 detik atau lebih?","gambar":"","created_at":"0000-00-00 00:00:00","updated_at":"0"},
{"id":"166","bulan":"60","usia_bayi_id":"14","text":"4. Jangan mengoreksi\/membantu anak. Jangan menyebut kata \"lebih panjang\".Perlihatkan gambar kedua garis ini pada anak.Tanyakan: \"Mana garis yang lebih panjang?\"Minta anak menunjuk garis yang lebih panjang.Setelah anak menunjuk, putar lembar ini dan ulangi pertanyaan tersebut.\r\n20Setelah anak menunjuk, putar lembar ini lagi dan ulangi pertanyaan tadi.Apakah anak dapat menunjuk garis yang lebih panjang sebanyak 3 kali dengan benar?","gambar":"60_4.png","created_at":"0000-00-00 00:00:00","updated_at":"0"},
{"id":"167","bulan":"60","usia_bayi_id":"14","text":"5. Jangan membantu anak dan jangan memberitahu nama gambar ini, suruh anak menggambar seperti contoh ini di kertas kosong yang tersedia. Berikan 3 kali kesempatan. Apakah anak dapat menggambar seperti contoh ini?","gambar":"60_5.png","created_at":"0000-00-00 00:00:00","updated_at":"0"},
{"id":"168","bulan":"60","usia_bayi_id":"14","text":"6. Ikuti perintah ini dengan seksama. Jangan memberi isyarat dengan telunjuk atau mats pads saat memberikan perintah berikut ini: \"Letakkan kertas ini di atas lantai\".\"Letakkan kertas ini di bawah kursi\".\"Letakkan kertas ini di depan kamu\"\"Letakkan kertas ini di belakang kamu\"Jawab YA hanya jika anak mengerti arti \"di atas\", \"di bawah\", \"di depan\" dan \"di belakang\"","gambar":"","created_at":"0000-00-00 00:00:00","updated_at":"0"},
{"id":"169","bulan":"60","usia_bayi_id":"14","text":"7. Apakah anak bereaksi dengan tenang dan tidak rewel (tanpa menangis atau menggelayut pada anda) pada saat anda meninqgalkannya?","gambar":"","created_at":"0000-00-00 00:00:00","updated_at":"0"},
{"id":"170","bulan":"60","usia_bayi_id":"14","text":"8. Jangan menunjuk, membantu atau membetulkan, katakan pada anak : \"Tunjukkan segi empat merah\"\"Tunjukkan segi empat kuning\"\"Tunjukkansegi empat biru\"\"Tunjukkan segi empat hijau\"Dapatkah anak menunjuk keempat warna itu dengan benar?","gambar":"60_8.png","created_at":"0000-00-00 00:00:00","updated_at":"0"},
{"id":"171","bulan":"60","usia_bayi_id":"14","text":"9. Suruh anak melompat dengan satu kaki beberapa kali tanpa berpegangan (lompatan dengan dua kaki tidak ikut dinilai). Apakah ia dapat melompat 2-3 kali dengan satu kaki?","gambar":"","created_at":"0000-00-00 00:00:00","updated_at":"0"},
{"id":"172","bulan":"60","usia_bayi_id":"14","text":"10. Dapatkah anak sepenuhnya berpakaian sendiri tanpa bantuan?","gambar":"","created_at":"0000-00-00 00:00:00","updated_at":"0"}
]
}
]
