[
{"type":"header","version":"5.2.0","comment":"Export to JSON plugin for PHPMyAdmin"},
{"type":"database","name":"test"},
{"type":"table","name":"standar_bbs","database":"test","data":
[
{"id":"1","jenis_kelamin":"L","umur":"0","m3":"2.1","m2":"2.5","m1":"2.9","median":"3.3","p1":"3.9","p2":"4.4","p3":"5"},
{"id":"2","jenis_kelamin":"L","umur":"1","m3":"2.9","m2":"3.4","m1":"3.9","median":"4.5","p1":"5.1","p2":"5.8","p3":"6.6"},
{"id":"3","jenis_kelamin":"L","umur":"2","m3":"3.8","m2":"4.3","m1":"4.9","median":"5.6","p1":"6.3","p2":"7.1","p3":"8"},
{"id":"4","jenis_kelamin":"L","umur":"3","m3":"4.4","m2":"5","m1":"5.7","median":"6.4","p1":"7.2","p2":"8","p3":"9"},
{"id":"5","jenis_kelamin":"L","umur":"4","m3":"4.9","m2":"5.6","m1":"6.2","median":"7","p1":"7.8","p2":"8.7","p3":"9.7"},
{"id":"6","jenis_kelamin":"L","umur":"5","m3":"5.3","m2":"6","m1":"6.7","median":"7.5","p1":"8.4","p2":"9.3","p3":"10.4"},
{"id":"7","jenis_kelamin":"L","umur":"6","m3":"5.7","m2":"6.4","m1":"7.1","median":"7.9","p1":"8.8","p2":"9.8","p3":"10.9"},
{"id":"8","jenis_kelamin":"L","umur":"7","m3":"5.9","m2":"6.7","m1":"7.4","median":"8.3","p1":"9.2","p2":"10.3","p3":"11.4"},
{"id":"9","jenis_kelamin":"L","umur":"8","m3":"6.2","m2":"6.9","m1":"7.7","median":"8.6","p1":"9.6","p2":"10.7","p3":"11.9"},
{"id":"10","jenis_kelamin":"L","umur":"9","m3":"6.4","m2":"7.1","m1":"8","median":"8.9","p1":"9.9","p2":"11","p3":"12.3"},
{"id":"11","jenis_kelamin":"L","umur":"10","m3":"6.6","m2":"7.4","m1":"8.2","median":"9.2","p1":"10.2","p2":"11.4","p3":"12.7"},
{"id":"12","jenis_kelamin":"L","umur":"11","m3":"6.8","m2":"7.6","m1":"8.4","median":"9.4","p1":"10.5","p2":"11.7","p3":"13"},
{"id":"13","jenis_kelamin":"L","umur":"12","m3":"6.9","m2":"7.7","m1":"8.6","median":"9.6","p1":"10.8","p2":"12","p3":"13.3"},
{"id":"14","jenis_kelamin":"L","umur":"13","m3":"7.1","m2":"7.9","m1":"8.8","median":"9.9","p1":"11","p2":"12.3","p3":"13.7"},
{"id":"15","jenis_kelamin":"L","umur":"14","m3":"7.2","m2":"8.1","m1":"9","median":"10.1","p1":"11.3","p2":"12.6","p3":"14"},
{"id":"16","jenis_kelamin":"L","umur":"15","m3":"7.4","m2":"8.3","m1":"9.2","median":"10.3","p1":"11.5","p2":"12.8","p3":"14.3"},
{"id":"17","jenis_kelamin":"L","umur":"16","m3":"7.5","m2":"8.4","m1":"9.4","median":"10.5","p1":"11.7","p2":"13.1","p3":"14.6"},
{"id":"18","jenis_kelamin":"L","umur":"17","m3":"7.7","m2":"8.6","m1":"9.6","median":"10.7","p1":"12","p2":"13.4","p3":"14.9"},
{"id":"19","jenis_kelamin":"L","umur":"18","m3":"7.8","m2":"8.8","m1":"9.8","median":"10.9","p1":"12.2","p2":"13.7","p3":"15.3"},
{"id":"20","jenis_kelamin":"L","umur":"19","m3":"8","m2":"8.9","m1":"10","median":"11.1","p1":"12.5","p2":"13.9","p3":"15.6"},
{"id":"21","jenis_kelamin":"L","umur":"20","m3":"8.1","m2":"9.1","m1":"10.1","median":"11.3","p1":"12.7","p2":"14.2","p3":"15.9"},
{"id":"22","jenis_kelamin":"L","umur":"21","m3":"8.2","m2":"9.2","m1":"10.3","median":"11.5","p1":"12.9","p2":"14.5","p3":"16.2"},
{"id":"23","jenis_kelamin":"L","umur":"22","m3":"8.4","m2":"9.4","m1":"10.5","median":"11.8","p1":"13.2","p2":"14.7","p3":"16.5"},
{"id":"24","jenis_kelamin":"L","umur":"23","m3":"8.5","m2":"9.5","m1":"10.7","median":"12","p1":"13.4","p2":"15","p3":"16.8"},
{"id":"25","jenis_kelamin":"L","umur":"24","m3":"8.6","m2":"9.7","m1":"10.8","median":"12.2","p1":"13.6","p2":"15.3","p3":"17.1"},
{"id":"26","jenis_kelamin":"L","umur":"25","m3":"8.8","m2":"9.8","m1":"11","median":"12.4","p1":"13.9","p2":"15.5","p3":"17.5"},
{"id":"27","jenis_kelamin":"L","umur":"26","m3":"8.9","m2":"10","m1":"11.2","median":"12.5","p1":"14.1","p2":"15.8","p3":"17.8"},
{"id":"28","jenis_kelamin":"L","umur":"27","m3":"9","m2":"10.1","m1":"11.3","median":"12.7","p1":"14.3","p2":"16.1","p3":"18.1"},
{"id":"29","jenis_kelamin":"L","umur":"28","m3":"9.1","m2":"10.2","m1":"11.5","median":"12.9","p1":"14.5","p2":"16.3","p3":"18.4"},
{"id":"30","jenis_kelamin":"L","umur":"29","m3":"9.2","m2":"10.4","m1":"11.7","median":"13.1","p1":"14.8","p2":"16.6","p3":"18.7"},
{"id":"31","jenis_kelamin":"L","umur":"30","m3":"9.4","m2":"10.5","m1":"11.8","median":"13.3","p1":"15","p2":"16.9","p3":"19"},
{"id":"32","jenis_kelamin":"L","umur":"31","m3":"9.5","m2":"10.7","m1":"12","median":"13.5","p1":"15.2","p2":"17.1","p3":"19.3"},
{"id":"33","jenis_kelamin":"L","umur":"32","m3":"9.6","m2":"10.8","m1":"12.1","median":"13.7","p1":"15.4","p2":"17.4","p3":"19.6"},
{"id":"34","jenis_kelamin":"L","umur":"33","m3":"9.7","m2":"10.9","m1":"12.3","median":"13.8","p1":"15.6","p2":"17.6","p3":"19.9"},
{"id":"35","jenis_kelamin":"L","umur":"34","m3":"9.8","m2":"11","m1":"12.4","median":"14","p1":"15.8","p2":"17.8","p3":"20.2"},
{"id":"36","jenis_kelamin":"L","umur":"35","m3":"9.9","m2":"11.2","m1":"12.6","median":"14.2","p1":"16","p2":"18.1","p3":"20.4"},
{"id":"37","jenis_kelamin":"L","umur":"36","m3":"10","m2":"11.3","m1":"12.7","median":"14.3","p1":"16.2","p2":"18.3","p3":"20.7"},
{"id":"38","jenis_kelamin":"L","umur":"37","m3":"10.1","m2":"11.4","m1":"12.9","median":"14.5","p1":"16.4","p2":"18.6","p3":"21"},
{"id":"39","jenis_kelamin":"L","umur":"38","m3":"10.2","m2":"11.5","m1":"13","median":"14.7","p1":"16.6","p2":"18.8","p3":"21.3"},
{"id":"40","jenis_kelamin":"L","umur":"39","m3":"10.3","m2":"11.6","m1":"13.1","median":"14.8","p1":"16.8","p2":"19","p3":"21.6"},
{"id":"41","jenis_kelamin":"L","umur":"40","m3":"10.4","m2":"11.8","m1":"13.3","median":"15","p1":"17","p2":"19.3","p3":"21.9"},
{"id":"42","jenis_kelamin":"L","umur":"41","m3":"10.5","m2":"11.9","m1":"13.4","median":"15.2","p1":"17.2","p2":"19.5","p3":"22.1"},
{"id":"43","jenis_kelamin":"L","umur":"42","m3":"10.6","m2":"12","m1":"13.6","median":"15.3","p1":"17.4","p2":"19.7","p3":"22.4"},
{"id":"44","jenis_kelamin":"L","umur":"43","m3":"10.7","m2":"12.1","m1":"13.7","median":"15.5","p1":"17.6","p2":"20","p3":"22.7"},
{"id":"45","jenis_kelamin":"L","umur":"44","m3":"10.8","m2":"12.2","m1":"13.8","median":"15.7","p1":"17.8","p2":"20.2","p3":"23"},
{"id":"46","jenis_kelamin":"L","umur":"45","m3":"10.9","m2":"12.4","m1":"14","median":"15.8","p1":"18","p2":"20.5","p3":"23.3"},
{"id":"47","jenis_kelamin":"L","umur":"46","m3":"11","m2":"12.5","m1":"14.1","median":"16","p1":"18.2","p2":"20.7","p3":"23.6"},
{"id":"48","jenis_kelamin":"L","umur":"47","m3":"11.1","m2":"12.6","m1":"14.3","median":"16.2","p1":"18.4","p2":"20.9","p3":"23.9"},
{"id":"49","jenis_kelamin":"L","umur":"48","m3":"11.2","m2":"12.7","m1":"14.4","median":"16.3","p1":"18.6","p2":"21.2","p3":"24.2"},
{"id":"50","jenis_kelamin":"L","umur":"49","m3":"11.3","m2":"12.8","m1":"14.5","median":"16.5","p1":"18.8","p2":"21.4","p3":"24.5"},
{"id":"51","jenis_kelamin":"L","umur":"50","m3":"11.4","m2":"12.9","m1":"14.7","median":"16.7","p1":"19","p2":"21.7","p3":"24.8"},
{"id":"52","jenis_kelamin":"L","umur":"51","m3":"11.5","m2":"13.1","m1":"14.8","median":"16.8","p1":"19.2","p2":"21.9","p3":"25.1"},
{"id":"53","jenis_kelamin":"L","umur":"52","m3":"11.6","m2":"13.2","m1":"15","median":"17","p1":"19.4","p2":"22.2","p3":"25.4"},
{"id":"54","jenis_kelamin":"L","umur":"53","m3":"11.7","m2":"13.3","m1":"15.1","median":"17.2","p1":"19.6","p2":"22.4","p3":"25.7"},
{"id":"55","jenis_kelamin":"L","umur":"54","m3":"11.8","m2":"13.4","m1":"15.2","median":"17.3","p1":"19.8","p2":"22.7","p3":"26"},
{"id":"56","jenis_kelamin":"L","umur":"55","m3":"11.9","m2":"13.5","m1":"15.4","median":"17.5","p1":"20","p2":"22.9","p3":"26.3"},
{"id":"57","jenis_kelamin":"L","umur":"56","m3":"12","m2":"13.6","m1":"15.5","median":"17.7","p1":"20.2","p2":"23.2","p3":"26.6"},
{"id":"58","jenis_kelamin":"L","umur":"57","m3":"12.1","m2":"13.7","m1":"15.6","median":"17.8","p1":"20.4","p2":"23.4","p3":"26.9"},
{"id":"59","jenis_kelamin":"L","umur":"58","m3":"12.2","m2":"13.8","m1":"15.8","median":"18","p1":"20.6","p2":"23.7","p3":"27.2"},
{"id":"60","jenis_kelamin":"L","umur":"59","m3":"12.3","m2":"14","m1":"15.9","median":"18.2","p1":"20.8","p2":"23.9","p3":"27.6"},
{"id":"61","jenis_kelamin":"L","umur":"60","m3":"12.4","m2":"14.1","m1":"16","median":"18.3","p1":"21","p2":"24.2","p3":"27.9"},
{"id":"62","jenis_kelamin":"P","umur":"0","m3":"2","m2":"2.4","m1":"2.8","median":"3.2","p1":"3.7","p2":"4.2","p3":"4.8"},
{"id":"63","jenis_kelamin":"P","umur":"1","m3":"2.7","m2":"3.2","m1":"3.6","median":"4.2","p1":"4.8","p2":"5.5","p3":"6.2"},
{"id":"64","jenis_kelamin":"P","umur":"2","m3":"3.4","m2":"3.9","m1":"4.5","median":"5.1","p1":"5.8","p2":"6.6","p3":"7.5"},
{"id":"65","jenis_kelamin":"P","umur":"3","m3":"4","m2":"4.5","m1":"5.2","median":"5.8","p1":"6.6","p2":"7.5","p3":"8.5"},
{"id":"66","jenis_kelamin":"P","umur":"4","m3":"4.4","m2":"5","m1":"5.7","median":"6.4","p1":"7.3","p2":"8.2","p3":"9.3"},
{"id":"67","jenis_kelamin":"P","umur":"5","m3":"4.8","m2":"5.4","m1":"6.1","median":"6.9","p1":"7.8","p2":"8.8","p3":"10"},
{"id":"68","jenis_kelamin":"P","umur":"6","m3":"5.1","m2":"5.7","m1":"6.5","median":"7.3","p1":"8.2","p2":"9.3","p3":"10.6"},
{"id":"69","jenis_kelamin":"P","umur":"7","m3":"5.3","m2":"6","m1":"6.8","median":"7.6","p1":"8.6","p2":"9.8","p3":"11.1"},
{"id":"70","jenis_kelamin":"P","umur":"8","m3":"5.6","m2":"6.3","m1":"7","median":"7.9","p1":"9","p2":"10.2","p3":"11.6"},
{"id":"71","jenis_kelamin":"P","umur":"9","m3":"5.8","m2":"6.5","m1":"7.3","median":"8.2","p1":"9.3","p2":"10.5","p3":"12"},
{"id":"72","jenis_kelamin":"P","umur":"10","m3":"5.9","m2":"6.7","m1":"7.5","median":"8.5","p1":"9.6","p2":"10.9","p3":"12.4"},
{"id":"73","jenis_kelamin":"P","umur":"11","m3":"6.1","m2":"6.9","m1":"7.7","median":"8.7","p1":"9.9","p2":"11.2","p3":"12.8"},
{"id":"74","jenis_kelamin":"P","umur":"12","m3":"6.3","m2":"7","m1":"7.9","median":"8.9","p1":"10.1","p2":"11.5","p3":"13.1"},
{"id":"75","jenis_kelamin":"P","umur":"13","m3":"6.4","m2":"7.2","m1":"8.1","median":"9.2","p1":"10.4","p2":"11.8","p3":"13.5"},
{"id":"76","jenis_kelamin":"P","umur":"14","m3":"6.6","m2":"7.4","m1":"8.3","median":"9.4","p1":"10.6","p2":"12.1","p3":"13.8"},
{"id":"77","jenis_kelamin":"P","umur":"15","m3":"6.7","m2":"7.6","m1":"8.5","median":"9.6","p1":"10.9","p2":"12.4","p3":"14.1"},
{"id":"78","jenis_kelamin":"P","umur":"16","m3":"6.9","m2":"7.7","m1":"8.7","median":"9.8","p1":"11.1","p2":"12.6","p3":"14.5"},
{"id":"79","jenis_kelamin":"P","umur":"17","m3":"7","m2":"7.9","m1":"8.9","median":"10","p1":"11.4","p2":"12.9","p3":"14.8"},
{"id":"80","jenis_kelamin":"P","umur":"18","m3":"7.2","m2":"8.1","m1":"9.1","median":"10.2","p1":"11.6","p2":"13.2","p3":"15.1"},
{"id":"81","jenis_kelamin":"P","umur":"19","m3":"7.3","m2":"8.2","m1":"9.2","median":"10.4","p1":"11.8","p2":"13.5","p3":"15.4"},
{"id":"82","jenis_kelamin":"P","umur":"20","m3":"7.5","m2":"8.4","m1":"9.4","median":"10.6","p1":"12.1","p2":"13.7","p3":"15.7"},
{"id":"83","jenis_kelamin":"P","umur":"21","m3":"7.6","m2":"8.6","m1":"9.6","median":"10.9","p1":"12.3","p2":"14","p3":"16"},
{"id":"84","jenis_kelamin":"P","umur":"22","m3":"7.8","m2":"8.7","m1":"9.8","median":"11.1","p1":"12.5","p2":"14.3","p3":"16.4"},
{"id":"85","jenis_kelamin":"P","umur":"23","m3":"7.9","m2":"8.9","m1":"10","median":"11.3","p1":"12.8","p2":"14.6","p3":"16.7"},
{"id":"86","jenis_kelamin":"P","umur":"24","m3":"8.1","m2":"9","m1":"10.2","median":"11.5","p1":"13","p2":"14.8","p3":"17"},
{"id":"87","jenis_kelamin":"P","umur":"25","m3":"8.2","m2":"9.2","m1":"10.3","median":"11.7","p1":"13.3","p2":"15.1","p3":"17.3"},
{"id":"88","jenis_kelamin":"P","umur":"26","m3":"8.4","m2":"9.4","m1":"10.5","median":"11.9","p1":"13.5","p2":"15.4","p3":"17.7"},
{"id":"89","jenis_kelamin":"P","umur":"27","m3":"8.5","m2":"9.5","m1":"10.7","median":"12.1","p1":"13.7","p2":"15.7","p3":"18"},
{"id":"90","jenis_kelamin":"P","umur":"28","m3":"8.6","m2":"9.7","m1":"10.9","median":"12.3","p1":"14","p2":"16","p3":"18.3"},
{"id":"91","jenis_kelamin":"P","umur":"29","m3":"8.8","m2":"9.8","m1":"11.1","median":"12.5","p1":"14.2","p2":"16.2","p3":"18.7"},
{"id":"92","jenis_kelamin":"P","umur":"30","m3":"8.9","m2":"10","m1":"11.2","median":"12.7","p1":"14.4","p2":"16.5","p3":"19"},
{"id":"93","jenis_kelamin":"P","umur":"31","m3":"9","m2":"10.1","m1":"11.4","median":"12.9","p1":"14.7","p2":"16.8","p3":"19.3"},
{"id":"94","jenis_kelamin":"P","umur":"32","m3":"9.1","m2":"10.3","m1":"11.6","median":"13.1","p1":"14.9","p2":"17.1","p3":"19.6"},
{"id":"95","jenis_kelamin":"P","umur":"33","m3":"9.3","m2":"10.4","m1":"11.7","median":"13.3","p1":"15.1","p2":"17.3","p3":"20"},
{"id":"96","jenis_kelamin":"P","umur":"34","m3":"9.4","m2":"10.5","m1":"11.9","median":"13.5","p1":"15.4","p2":"17.6","p3":"20.3"},
{"id":"97","jenis_kelamin":"P","umur":"35","m3":"9.5","m2":"10.7","m1":"12","median":"13.7","p1":"15.6","p2":"17.9","p3":"20.6"},
{"id":"98","jenis_kelamin":"P","umur":"36","m3":"9.6","m2":"10.8","m1":"12.2","median":"13.9","p1":"15.8","p2":"18.1","p3":"20.9"},
{"id":"99","jenis_kelamin":"P","umur":"37","m3":"9.7","m2":"10.9","m1":"12.4","median":"14","p1":"16","p2":"18.4","p3":"21.3"},
{"id":"100","jenis_kelamin":"P","umur":"38","m3":"9.8","m2":"11.1","m1":"12.5","median":"14.2","p1":"16.3","p2":"18.7","p3":"21.6"},
{"id":"101","jenis_kelamin":"P","umur":"39","m3":"9.9","m2":"11.2","m1":"12.7","median":"14.4","p1":"16.5","p2":"19","p3":"22"},
{"id":"102","jenis_kelamin":"P","umur":"40","m3":"10.1","m2":"11.3","m1":"12.8","median":"14.6","p1":"16.7","p2":"19.2","p3":"22.3"},
{"id":"103","jenis_kelamin":"P","umur":"41","m3":"10.2","m2":"11.5","m1":"13","median":"14.8","p1":"16.9","p2":"19.5","p3":"22.7"},
{"id":"104","jenis_kelamin":"P","umur":"42","m3":"10.3","m2":"11.6","m1":"13.1","median":"15","p1":"17.2","p2":"19.8","p3":"23"},
{"id":"105","jenis_kelamin":"P","umur":"43","m3":"10.4","m2":"11.7","m1":"13.3","median":"15.2","p1":"17.4","p2":"20.1","p3":"23.4"},
{"id":"106","jenis_kelamin":"P","umur":"44","m3":"10.5","m2":"11.8","m1":"13.4","median":"15.3","p1":"17.6","p2":"20.4","p3":"23.7"},
{"id":"107","jenis_kelamin":"P","umur":"45","m3":"10.6","m2":"12","m1":"13.6","median":"15.5","p1":"17.8","p2":"20.7","p3":"24.1"},
{"id":"108","jenis_kelamin":"P","umur":"46","m3":"10.7","m2":"12.1","m1":"13.7","median":"15.7","p1":"18.1","p2":"20.9","p3":"24.5"},
{"id":"109","jenis_kelamin":"P","umur":"47","m3":"10.8","m2":"12.2","m1":"13.9","median":"15.9","p1":"18.3","p2":"21.2","p3":"24.8"},
{"id":"110","jenis_kelamin":"P","umur":"48","m3":"10.9","m2":"12.3","m1":"14","median":"16.1","p1":"18.5","p2":"21.5","p3":"25.2"},
{"id":"111","jenis_kelamin":"P","umur":"49","m3":"11","m2":"12.4","m1":"14.2","median":"16.3","p1":"18.8","p2":"21.8","p3":"25.5"},
{"id":"112","jenis_kelamin":"P","umur":"50","m3":"11.1","m2":"12.6","m1":"14.3","median":"16.4","p1":"19","p2":"22.1","p3":"25.9"},
{"id":"113","jenis_kelamin":"P","umur":"51","m3":"11.2","m2":"12.7","m1":"14.5","median":"16.6","p1":"19.2","p2":"22.4","p3":"26.3"},
{"id":"114","jenis_kelamin":"P","umur":"52","m3":"11.3","m2":"12.8","m1":"14.6","median":"16.8","p1":"19.4","p2":"22.6","p3":"26.6"},
{"id":"115","jenis_kelamin":"P","umur":"53","m3":"11.4","m2":"12.9","m1":"14.8","median":"17","p1":"19.7","p2":"22.9","p3":"27"},
{"id":"116","jenis_kelamin":"P","umur":"54","m3":"11.5","m2":"13","m1":"14.9","median":"17.2","p1":"19.9","p2":"23.2","p3":"27.4"},
{"id":"117","jenis_kelamin":"P","umur":"55","m3":"11.6","m2":"13.2","m1":"15.1","median":"17.3","p1":"20.1","p2":"23.5","p3":"27.7"},
{"id":"118","jenis_kelamin":"P","umur":"56","m3":"11.7","m2":"13.3","m1":"15.2","median":"17.5","p1":"20.3","p2":"23.8","p3":"28.1"},
{"id":"119","jenis_kelamin":"P","umur":"57","m3":"11.8","m2":"13.4","m1":"15.3","median":"17.7","p1":"20.6","p2":"24.1","p3":"28.5"},
{"id":"120","jenis_kelamin":"P","umur":"58","m3":"11.9","m2":"13.5","m1":"15.5","median":"17.9","p1":"20.8","p2":"24.4","p3":"28.8"},
{"id":"121","jenis_kelamin":"P","umur":"59","m3":"12","m2":"13.6","m1":"15.6","median":"18","p1":"21","p2":"24.6","p3":"29.2"},
{"id":"122","jenis_kelamin":"P","umur":"60","m3":"12.1","m2":"13.7","m1":"15.8","median":"18.2","p1":"21.2","p2":"24.9","p3":"29.5"}
]
}
]
